,conll2003,wnut2017,ontonotes5,fin,bionlp2004,bc5cdr,panx_dataset_en,cache/SemEval2022-Task11_Train-Dev/EN-English
test,8.242644095122936,0.0,7.8299043375704365,,,31.695196024295967,6.13712641841138,
valid,15.457476823861347,0.0,8.131306512907875,5.88235294117647,7.995036341074277,30.701270016565434,6.552661019657983,1.635734507706826
